<?xml version="1.0" encoding="UTF-8"?>
<project-private xmlns="http://www.netbeans.org/ns/project-private/1">
    <editor-bookmarks xmlns="http://www.netbeans.org/ns/editor-bookmarks/2" lastBookmarkId="0"/>
    <open-files xmlns="http://www.netbeans.org/ns/projectui-open-files/2">
        <group>
            <file>file:/C:/Users/avgn2/Downloads/Colegio2/Colegio2/Colegio/src/colegio/Modelos/Profesor.java</file>
            <file>file:/C:/Users/avgn2/Downloads/Colegio2/Colegio2/Colegio/src/colegio/Vistas/Estudiante.java</file>
            <file>file:/C:/Users/avgn2/Downloads/Colegio2/Colegio2/Colegio/src/colegio/Modelos/Usuario.java</file>
            <file>file:/C:/Users/avgn2/Downloads/Colegio2/Colegio2/Colegio/src/colegio/Vistas/Profesor.java</file>
            <file>file:/C:/Users/avgn2/Downloads/Colegio2/Colegio2/Colegio/src/colegio/Vistas/Login.java</file>
            <file>file:/C:/Users/avgn2/Downloads/Colegio2/Colegio2/Colegio/src/colegio/Controladores/UsuarioControlador.java</file>
        </group>
    </open-files>
</project-private>
